id,type,context,text,display_author,source,reference,is_exact,attribution_mode,weight,active,source_url,notes
therese_001,st_therese,general,La confianza abre el corazón al Amor.,Santa Teresita de Lisieux,C’est la confiance,n. 1,true,exact,5,true,https://www.vatican.va/content/francesco/es/apost_exhortations/documents/20231015-santateresa-delbambinogesu.html,"Exacta solo si is_exact=true; si no, usar como paráfrasis/inspiración."
therese_002,st_therese,home,Jesús es mi único amor.,Santa Teresita de Lisieux,C’est la confiance,n. 8,true,exact,5,true,https://www.vatican.va/content/francesco/es/apost_exhortations/documents/20231015-santateresa-delbambinogesu.html,"Exacta solo si is_exact=true; si no, usar como paráfrasis/inspiración."
therese_003,st_therese,parish_delivery,Quiero pasar mi cielo haciendo el bien en la tierra.,Inspirado en Santa Teresita,Dichos atribuidos / últimos coloquios,,false,paraphrase,4,true,https://www.gutenberg.org/ebooks/16772,"Exacta solo si is_exact=true; si no, usar como paráfrasis/inspiración."
therese_004,st_therese,order_created,"Una obra pequeña, ofrecida con amor, tiene peso eterno.",Inspirado en Santa Teresita,Historia de un alma,caminito espiritual,false,paraphrase,4,true,https://www.gutenberg.org/ebooks/16772,"Exacta solo si is_exact=true; si no, usar como paráfrasis/inspiración."
therese_005,st_therese,home,El caminito es confiar y amar en lo pequeño.,Inspirado en Santa Teresita,Historia de un alma,Manuscrito B,false,paraphrase,4,true,https://www.gutenberg.org/ebooks/16772,"Exacta solo si is_exact=true; si no, usar como paráfrasis/inspiración."
therese_006,st_therese,delivery_registered,No hace falta hacer cosas grandes para amar mucho.,Inspirado en Santa Teresita,Historia de un alma,Manuscritos,false,paraphrase,4,true,https://www.gutenberg.org/ebooks/16772,"Exacta solo si is_exact=true; si no, usar como paráfrasis/inspiración."
therese_007,st_therese,payment_registered,Las manos vacías pueden estar llenas de confianza.,Inspirado en Santa Teresita,C’est la confiance,n. 3,false,paraphrase,4,true,https://www.vatican.va/content/francesco/es/apost_exhortations/documents/20231015-santateresa-delbambinogesu.html,"Exacta solo si is_exact=true; si no, usar como paráfrasis/inspiración."
therese_008,st_therese,general,La pequeñez no impide aspirar a la santidad.,Inspirado en Santa Teresita,C’est la confiance,n. 15,false,paraphrase,4,true,https://www.vatican.va/content/francesco/es/apost_exhortations/documents/20231015-santateresa-delbambinogesu.html,"Exacta solo si is_exact=true; si no, usar como paráfrasis/inspiración."
therese_009,st_therese,home,Dios mira con ternura a quien se sabe pequeño.,Inspirado en Santa Teresita,Historia de un alma,caminito espiritual,false,paraphrase,4,true,https://www.gutenberg.org/ebooks/16772,"Exacta solo si is_exact=true; si no, usar como paráfrasis/inspiración."
therese_010,st_therese,order_created,Cada detalle hecho por amor puede salvar un alma.,Inspirado en Santa Teresita,Historia de un alma,espíritu misionero,false,paraphrase,4,true,https://www.gutenberg.org/ebooks/16772,"Exacta solo si is_exact=true; si no, usar como paráfrasis/inspiración."
therese_011,st_therese,delivery_registered,El amor no permanece inactivo.,Inspirado en Santa Teresita,C’est la confiance,n. 12,false,paraphrase,4,true,https://www.vatican.va/content/francesco/es/apost_exhortations/documents/20231015-santateresa-delbambinogesu.html,"Exacta solo si is_exact=true; si no, usar como paráfrasis/inspiración."
therese_012,st_therese,expense_registered,"Cuando algo cuesta, también puede ser ofrenda.",Inspirado en Santa Teresita,Historia de un alma,vida cotidiana,false,paraphrase,4,true,https://www.gutenberg.org/ebooks/16772,"Exacta solo si is_exact=true; si no, usar como paráfrasis/inspiración."
therese_013,st_therese,general,La confianza no calcula: se abandona al Amor.,Inspirado en Santa Teresita,C’est la confiance,nn. 23-24,false,paraphrase,4,true,https://www.vatican.va/content/francesco/es/apost_exhortations/documents/20231015-santateresa-delbambinogesu.html,"Exacta solo si is_exact=true; si no, usar como paráfrasis/inspiración."
therese_014,st_therese,home,Seguir siendo pequeña también es un camino.,Inspirado en Santa Teresita,C’est la confiance,n. 16,false,paraphrase,4,true,https://www.vatican.va/content/francesco/es/apost_exhortations/documents/20231015-santateresa-delbambinogesu.html,"Exacta solo si is_exact=true; si no, usar como paráfrasis/inspiración."
therese_015,st_therese,parish_delivery,Una rosa escondida también perfuma la Iglesia.,Inspirado en Santa Teresita,C’est la confiance,lluvia de rosas,false,paraphrase,4,true,https://www.vatican.va/content/francesco/es/apost_exhortations/documents/20231015-santateresa-delbambinogesu.html,"Exacta solo si is_exact=true; si no, usar como paráfrasis/inspiración."
therese_016,st_therese,order_created,Preparar algo sencillo con amor también evangeliza.,Inspirado en Santa Teresita,Historia de un alma,evangelización por atracción,false,paraphrase,4,true,https://www.gutenberg.org/ebooks/16772,"Exacta solo si is_exact=true; si no, usar como paráfrasis/inspiración."
therese_017,st_therese,general,La santidad empieza aceptando ser pequeño ante Dios.,Inspirado en Santa Teresita,Historia de un alma,Manuscrito C,false,paraphrase,4,true,https://www.gutenberg.org/ebooks/16772,"Exacta solo si is_exact=true; si no, usar como paráfrasis/inspiración."
therese_018,st_therese,home,La alegría verdadera nace de saberse amado.,Inspirado en Santa Teresita,Historia de un alma,espiritualidad teresiana,false,paraphrase,4,true,https://www.gutenberg.org/ebooks/16772,"Exacta solo si is_exact=true; si no, usar como paráfrasis/inspiración."
therese_019,st_therese,delivery_registered,El servicio silencioso también puede ser una flor.,Inspirado en Santa Teresita,Historia de un alma,caminito,false,paraphrase,4,true,https://www.gutenberg.org/ebooks/16772,"Exacta solo si is_exact=true; si no, usar como paráfrasis/inspiración."
therese_020,st_therese,payment_registered,La gratitud convierte lo pequeño en canto.,Inspirado en Santa Teresita,C’est la confiance,n. 21,false,paraphrase,4,true,https://www.vatican.va/content/francesco/es/apost_exhortations/documents/20231015-santateresa-delbambinogesu.html,"Exacta solo si is_exact=true; si no, usar como paráfrasis/inspiración."
therese_021,st_therese,general,La confianza es audaz porque se apoya en Dios.,Inspirado en Santa Teresita,C’est la confiance,n. 17,false,paraphrase,4,true,https://www.vatican.va/content/francesco/es/apost_exhortations/documents/20231015-santateresa-delbambinogesu.html,"Exacta solo si is_exact=true; si no, usar como paráfrasis/inspiración."
therese_022,st_therese,home,Jesús levanta a los pequeños en sus brazos.,Inspirado en Santa Teresita,C’est la confiance,n. 16,false,paraphrase,4,true,https://www.vatican.va/content/francesco/es/apost_exhortations/documents/20231015-santateresa-delbambinogesu.html,"Exacta solo si is_exact=true; si no, usar como paráfrasis/inspiración."
therese_023,st_therese,order_created,Una tarea común puede hacerse extraordinaria por amor.,Inspirado en Santa Teresita,Historia de un alma,vida ordinaria,false,paraphrase,4,true,https://www.gutenberg.org/ebooks/16772,"Exacta solo si is_exact=true; si no, usar como paráfrasis/inspiración."
therese_024,st_therese,parish_delivery,Dar sin ruido es una manera de amar como María.,Inspirado en Santa Teresita,Historia de un alma,caridad escondida,false,paraphrase,4,true,https://www.gutenberg.org/ebooks/16772,"Exacta solo si is_exact=true; si no, usar como paráfrasis/inspiración."
therese_025,st_therese,general,El amor verdadero se reconoce en la sencillez.,Inspirado en Santa Teresita,C’est la confiance,sección “Seré el amor”,false,paraphrase,4,true,https://www.vatican.va/content/francesco/es/apost_exhortations/documents/20231015-santateresa-delbambinogesu.html,"Exacta solo si is_exact=true; si no, usar como paráfrasis/inspiración."
therese_026,st_therese,delivery_registered,La flor más pequeña agrada cuando se ofrece entera.,Inspirado en Santa Teresita,Historia de un alma,imagen de la flor,false,paraphrase,4,true,https://www.gutenberg.org/ebooks/16772,"Exacta solo si is_exact=true; si no, usar como paráfrasis/inspiración."
therese_027,st_therese,home,No mires tanto tu pobreza; mira más su misericordia.,Inspirado en Santa Teresita,C’est la confiance,nn. 20-21,false,paraphrase,4,true,https://www.vatican.va/content/francesco/es/apost_exhortations/documents/20231015-santateresa-delbambinogesu.html,"Exacta solo si is_exact=true; si no, usar como paráfrasis/inspiración."
therese_028,st_therese,payment_registered,Dios no desprecia los esfuerzos pequeños.,Inspirado en Santa Teresita,C’est la confiance,n. 91,false,paraphrase,4,true,https://www.vatican.va/content/francesco/es/apost_exhortations/documents/20231015-santateresa-delbambinogesu.html,"Exacta solo si is_exact=true; si no, usar como paráfrasis/inspiración."
therese_029,st_therese,general,La misión puede nacer desde un corazón escondido.,Inspirado en Santa Teresita,C’est la confiance,alma misionera,false,paraphrase,4,true,https://www.vatican.va/content/francesco/es/apost_exhortations/documents/20231015-santateresa-delbambinogesu.html,"Exacta solo si is_exact=true; si no, usar como paráfrasis/inspiración."
therese_030,st_therese,order_created,Amar es cuidar lo que nadie aplaude.,Inspirado en Santa Teresita,Historia de un alma,vida oculta,false,paraphrase,4,true,https://www.gutenberg.org/ebooks/16772,"Exacta solo si is_exact=true; si no, usar como paráfrasis/inspiración."
therese_031,st_therese,delivery_registered,"El bien pequeño, hecho fielmente, deja perfume.",Inspirado en Santa Teresita,Historia de un alma,pequeña vía,false,paraphrase,4,true,https://www.gutenberg.org/ebooks/16772,"Exacta solo si is_exact=true; si no, usar como paráfrasis/inspiración."
therese_032,st_therese,parish_delivery,"La caridad no busca ruido, busca fruto.",Inspirado en Santa Teresita,C’est la confiance,caridad,false,paraphrase,4,true,https://www.vatican.va/content/francesco/es/apost_exhortations/documents/20231015-santateresa-delbambinogesu.html,"Exacta solo si is_exact=true; si no, usar como paráfrasis/inspiración."
therese_033,st_therese,home,El amor de Jesús hace fecunda la pequeñez.,Inspirado en Santa Teresita,C’est la confiance,n. 16,false,paraphrase,4,true,https://www.vatican.va/content/francesco/es/apost_exhortations/documents/20231015-santateresa-delbambinogesu.html,"Exacta solo si is_exact=true; si no, usar como paráfrasis/inspiración."
therese_034,st_therese,expense_registered,También la renuncia puede convertirse en flor.,Inspirado en Santa Teresita,Historia de un alma,sacrificio pequeño,false,paraphrase,4,true,https://www.gutenberg.org/ebooks/16772,"Exacta solo si is_exact=true; si no, usar como paráfrasis/inspiración."
therese_035,st_therese,general,La confianza es descansar en el corazón de Dios.,Inspirado en Santa Teresita,C’est la confiance,abandono cotidiano,false,paraphrase,4,true,https://www.vatican.va/content/francesco/es/apost_exhortations/documents/20231015-santateresa-delbambinogesu.html,"Exacta solo si is_exact=true; si no, usar como paráfrasis/inspiración."
therese_036,st_therese,payment_registered,Lo recibido con gratitud se vuelve misión.,Inspirado en Santa Teresita,Historia de un alma,espíritu misionero,false,paraphrase,4,true,https://www.gutenberg.org/ebooks/16772,"Exacta solo si is_exact=true; si no, usar como paráfrasis/inspiración."
therese_037,st_therese,order_created,No subestimes una obra hecha con cariño.,Inspirado en Santa Teresita,Historia de un alma,caminito,false,paraphrase,4,true,https://www.gutenberg.org/ebooks/16772,"Exacta solo si is_exact=true; si no, usar como paráfrasis/inspiración."
therese_038,st_therese,general,El amor puede esconderse en una acción mínima.,Inspirado en Santa Teresita,Historia de un alma,vida cotidiana,false,paraphrase,4,true,https://www.gutenberg.org/ebooks/16772,"Exacta solo si is_exact=true; si no, usar como paráfrasis/inspiración."
therese_039,st_therese,home,La pequeñez aceptada abre espacio a la gracia.,Inspirado en Santa Teresita,C’est la confiance,n. 14,false,paraphrase,4,true,https://www.vatican.va/content/francesco/es/apost_exhortations/documents/20231015-santateresa-delbambinogesu.html,"Exacta solo si is_exact=true; si no, usar como paráfrasis/inspiración."
therese_040,st_therese,delivery_registered,Servir con dulzura también es rezar.,Inspirado en Santa Teresita,Historia de un alma,caridad concreta,false,paraphrase,4,true,https://www.gutenberg.org/ebooks/16772,"Exacta solo si is_exact=true; si no, usar como paráfrasis/inspiración."
therese_041,st_therese,parish_delivery,Una entrega sencilla puede ser lluvia de rosas.,Inspirado en Santa Teresita,C’est la confiance,n. 13,false,paraphrase,4,true,https://www.vatican.va/content/francesco/es/apost_exhortations/documents/20231015-santateresa-delbambinogesu.html,"Exacta solo si is_exact=true; si no, usar como paráfrasis/inspiración."
therese_042,st_therese,general,"Cuando no puedas mucho, confía mucho.",Inspirado en Santa Teresita,C’est la confiance,espiritualidad de confianza,false,paraphrase,4,true,https://www.vatican.va/content/francesco/es/apost_exhortations/documents/20231015-santateresa-delbambinogesu.html,"Exacta solo si is_exact=true; si no, usar como paráfrasis/inspiración."
therese_043,st_therese,order_created,La fidelidad en lo pequeño educa el corazón.,Inspirado en Santa Teresita,Historia de un alma,pequeña vía,false,paraphrase,4,true,https://www.gutenberg.org/ebooks/16772,"Exacta solo si is_exact=true; si no, usar como paráfrasis/inspiración."
therese_044,st_therese,home,La confianza no elimina la cruz; la atraviesa con amor.,Inspirado en Santa Teresita,C’est la confiance,noche de fe,false,paraphrase,4,true,https://www.vatican.va/content/francesco/es/apost_exhortations/documents/20231015-santateresa-delbambinogesu.html,"Exacta solo si is_exact=true; si no, usar como paráfrasis/inspiración."
therese_045,st_therese,expense_registered,La pobreza ofrecida puede volverse riqueza de gracia.,Inspirado en Santa Teresita,Historia de un alma,ofrenda,false,paraphrase,4,true,https://www.gutenberg.org/ebooks/16772,"Exacta solo si is_exact=true; si no, usar como paráfrasis/inspiración."
therese_046,st_therese,delivery_registered,El corazón que ama encuentra ocasión en todo.,Inspirado en Santa Teresita,Historia de un alma,caridad cotidiana,false,paraphrase,4,true,https://www.gutenberg.org/ebooks/16772,"Exacta solo si is_exact=true; si no, usar como paráfrasis/inspiración."
therese_047,st_therese,general,"Dios no pide grandeza aparente, sino amor real.",Inspirado en Santa Teresita,Historia de un alma,pequeña vía,false,paraphrase,4,true,https://www.gutenberg.org/ebooks/16772,"Exacta solo si is_exact=true; si no, usar como paráfrasis/inspiración."
therese_048,st_therese,payment_registered,La confianza transforma la cuenta en gratitud.,Inspirado en Santa Teresita,C’est la confiance,manos vacías,false,paraphrase,4,true,https://www.vatican.va/content/francesco/es/apost_exhortations/documents/20231015-santateresa-delbambinogesu.html,"Exacta solo si is_exact=true; si no, usar como paráfrasis/inspiración."
therese_049,st_therese,home,El alma pequeña puede correr hacia Dios.,Inspirado en Santa Teresita,C’est la confiance,caminito,false,paraphrase,4,true,https://www.vatican.va/content/francesco/es/apost_exhortations/documents/20231015-santateresa-delbambinogesu.html,"Exacta solo si is_exact=true; si no, usar como paráfrasis/inspiración."
therese_050,st_therese,parish_delivery,Lo entregado por amor no se pierde.,Inspirado en Santa Teresita,Historia de un alma,ofrenda,false,paraphrase,4,true,https://www.gutenberg.org/ebooks/16772,"Exacta solo si is_exact=true; si no, usar como paráfrasis/inspiración."
therese_051,st_therese,order_created,Cada pedido puede ser una pequeña misión.,Inspirado en Santa Teresita,C’est la confiance,alma misionera,false,paraphrase,4,true,https://www.vatican.va/content/francesco/es/apost_exhortations/documents/20231015-santateresa-delbambinogesu.html,"Exacta solo si is_exact=true; si no, usar como paráfrasis/inspiración."
therese_052,st_therese,general,La santidad no es espectáculo: es amor fiel.,Inspirado en Santa Teresita,Historia de un alma,vida escondida,false,paraphrase,4,true,https://www.gutenberg.org/ebooks/16772,"Exacta solo si is_exact=true; si no, usar como paráfrasis/inspiración."
therese_053,st_therese,delivery_registered,La sonrisa también puede ser caridad.,Inspirado en Santa Teresita,Historia de un alma,caridad fraterna,false,paraphrase,4,true,https://www.gutenberg.org/ebooks/16772,"Exacta solo si is_exact=true; si no, usar como paráfrasis/inspiración."
therese_054,st_therese,home,Ser pequeño ante Dios no es derrota: es libertad.,Inspirado en Santa Teresita,C’est la confiance,caminito,false,paraphrase,4,true,https://www.vatican.va/content/francesco/es/apost_exhortations/documents/20231015-santateresa-delbambinogesu.html,"Exacta solo si is_exact=true; si no, usar como paráfrasis/inspiración."
therese_055,st_therese,payment_registered,Todo lo bueno recibido vuelve a Dios en alabanza.,Inspirado en Santa Teresita,Historia de un alma,gratitud,false,paraphrase,4,true,https://www.gutenberg.org/ebooks/16772,"Exacta solo si is_exact=true; si no, usar como paráfrasis/inspiración."
therese_056,st_therese,expense_registered,Ordenar con paciencia también es amar.,Inspirado en Santa Teresita,Historia de un alma,vida ordinaria,false,paraphrase,4,true,https://www.gutenberg.org/ebooks/16772,"Exacta solo si is_exact=true; si no, usar como paráfrasis/inspiración."
therese_057,st_therese,general,El Amor sabe contar lo que el mundo no ve.,Inspirado en Santa Teresita,Historia de un alma,pequeñas acciones,false,paraphrase,4,true,https://www.gutenberg.org/ebooks/16772,"Exacta solo si is_exact=true; si no, usar como paráfrasis/inspiración."
therese_058,st_therese,parish_delivery,La Iglesia también crece por flores escondidas.,Inspirado en Santa Teresita,C’est la confiance,en el corazón de la Iglesia,false,paraphrase,4,true,https://www.vatican.va/content/francesco/es/apost_exhortations/documents/20231015-santateresa-delbambinogesu.html,"Exacta solo si is_exact=true; si no, usar como paráfrasis/inspiración."
therese_059,st_therese,order_created,Lo artesanal hecho con amor puede ser oración.,Inspirado en Santa Teresita,Historia de un alma,vida oculta,false,paraphrase,4,true,https://www.gutenberg.org/ebooks/16772,"Exacta solo si is_exact=true; si no, usar como paráfrasis/inspiración."
therese_060,st_therese,home,Hoy alcanza con amar bien lo que toca.,Inspirado en Santa Teresita,Historia de un alma,caminito,false,paraphrase,4,true,https://www.gutenberg.org/ebooks/16772,"Exacta solo si is_exact=true; si no, usar como paráfrasis/inspiración."
therese_061,st_therese,delivery_registered,La caridad se vuelve concreta cuando llega al otro.,Inspirado en Santa Teresita,C’est la confiance,Jesús para los demás,false,paraphrase,4,true,https://www.vatican.va/content/francesco/es/apost_exhortations/documents/20231015-santateresa-delbambinogesu.html,"Exacta solo si is_exact=true; si no, usar como paráfrasis/inspiración."
therese_062,st_therese,general,La confianza es una puerta abierta al Amor.,Inspirado en Santa Teresita,C’est la confiance,prólogo,false,paraphrase,4,true,https://www.vatican.va/content/francesco/es/apost_exhortations/documents/20231015-santateresa-delbambinogesu.html,"Exacta solo si is_exact=true; si no, usar como paráfrasis/inspiración."
therese_063,st_therese,payment_registered,Cobrar con justicia también cuida la misión.,Inspirado en Santa Teresita,Historia de un alma,orden y caridad,false,paraphrase,4,true,https://www.gutenberg.org/ebooks/16772,"Exacta solo si is_exact=true; si no, usar como paráfrasis/inspiración."
therese_064,st_therese,expense_registered,Administrar bien es servir mejor.,Inspirado en Santa Teresita,Historia de un alma,vida comunitaria,false,paraphrase,4,true,https://www.gutenberg.org/ebooks/16772,"Exacta solo si is_exact=true; si no, usar como paráfrasis/inspiración."
therese_065,st_therese,parish_delivery,Una flor ofrecida con pureza llega lejos.,Inspirado en Santa Teresita,Historia de un alma,flor pequeña,false,paraphrase,4,true,https://www.gutenberg.org/ebooks/16772,"Exacta solo si is_exact=true; si no, usar como paráfrasis/inspiración."
therese_066,st_therese,home,El corazón humilde se deja conducir.,Inspirado en Santa Teresita,C’est la confiance,confianza y amor,false,paraphrase,4,true,https://www.vatican.va/content/francesco/es/apost_exhortations/documents/20231015-santateresa-delbambinogesu.html,"Exacta solo si is_exact=true; si no, usar como paráfrasis/inspiración."
therese_067,st_therese,general,"En el corazón de la Iglesia, el amor lo sostiene todo.",Inspirado en Santa Teresita,C’est la confiance,sección “Seré el amor”,false,paraphrase,4,true,https://www.vatican.va/content/francesco/es/apost_exhortations/documents/20231015-santateresa-delbambinogesu.html,"Exacta solo si is_exact=true; si no, usar como paráfrasis/inspiración."
therese_068,st_therese,order_created,El trabajo de hoy puede ser una rosa para Jesús.,Inspirado en Santa Teresita,Historia de un alma,lluvia de rosas,false,paraphrase,4,true,https://www.gutenberg.org/ebooks/16772,"Exacta solo si is_exact=true; si no, usar como paráfrasis/inspiración."
therese_069,st_therese,delivery_registered,La entrega puntual también habla de amor.,Inspirado en Santa Teresita,Historia de un alma,fidelidad cotidiana,false,paraphrase,4,true,https://www.gutenberg.org/ebooks/16772,"Exacta solo si is_exact=true; si no, usar como paráfrasis/inspiración."
therese_070,st_therese,payment_registered,La transparencia también es una forma de caridad.,Inspirado en Santa Teresita,Historia de un alma,vida comunitaria,false,paraphrase,4,true,https://www.gutenberg.org/ebooks/16772,"Exacta solo si is_exact=true; si no, usar como paráfrasis/inspiración."
marian_001,marian_scripture,home,Hágase en mí según tu palabra.,Sagrada Escritura,Lucas,"Lc 1,38",true,exact,5,true,,"Usar como cita bíblica exacta solo si is_exact=true; si no, mostrar como inspiración/paráfrasis con referencia."
marian_002,marian_scripture,home,María guardaba todo en su corazón.,Inspirado en la Escritura,Lucas,"Lc 2,19",false,paraphrase,4,true,,"Usar como cita bíblica exacta solo si is_exact=true; si no, mostrar como inspiración/paráfrasis con referencia."
marian_003,marian_scripture,order_created,La Visitación enseña a servir con prontitud.,Inspirado en la Escritura,Lucas,"Lc 1,39-45",false,paraphrase,4,true,,"Usar como cita bíblica exacta solo si is_exact=true; si no, mostrar como inspiración/paráfrasis con referencia."
marian_004,marian_scripture,general,El Magníficat convierte la alegría en alabanza.,Inspirado en la Escritura,Lucas,"Lc 1,46-55",false,paraphrase,4,true,,"Usar como cita bíblica exacta solo si is_exact=true; si no, mostrar como inspiración/paráfrasis con referencia."
marian_005,marian_scripture,parish_delivery,Dios mira la humildad de su servidora.,Inspirado en la Escritura,Lucas,"Lc 1,48",false,paraphrase,4,true,,"Usar como cita bíblica exacta solo si is_exact=true; si no, mostrar como inspiración/paráfrasis con referencia."
marian_006,marian_scripture,home,El Señor hace maravillas en los humildes.,Inspirado en la Escritura,Lucas,"Lc 1,49",false,paraphrase,4,true,,"Usar como cita bíblica exacta solo si is_exact=true; si no, mostrar como inspiración/paráfrasis con referencia."
marian_007,marian_scripture,general,Su misericordia alcanza de generación en generación.,Inspirado en la Escritura,Lucas,"Lc 1,50",false,paraphrase,4,true,,"Usar como cita bíblica exacta solo si is_exact=true; si no, mostrar como inspiración/paráfrasis con referencia."
marian_008,marian_scripture,payment_registered,Dios colma de bienes a los hambrientos.,Inspirado en la Escritura,Lucas,"Lc 1,53",false,paraphrase,4,true,,"Usar como cita bíblica exacta solo si is_exact=true; si no, mostrar como inspiración/paráfrasis con referencia."
marian_009,marian_scripture,delivery_registered,María llevó a Jesús a la casa de Isabel.,Inspirado en la Escritura,Lucas,"Lc 1,39-40",false,paraphrase,4,true,,"Usar como cita bíblica exacta solo si is_exact=true; si no, mostrar como inspiración/paráfrasis con referencia."
marian_010,marian_scripture,home,Bendita tú entre las mujeres.,Sagrada Escritura,Lucas,"Lc 1,42",true,exact,5,true,,"Usar como cita bíblica exacta solo si is_exact=true; si no, mostrar como inspiración/paráfrasis con referencia."
marian_011,marian_scripture,general,Dichosa la que creyó.,Sagrada Escritura,Lucas,"Lc 1,45",true,exact,5,true,,"Usar como cita bíblica exacta solo si is_exact=true; si no, mostrar como inspiración/paráfrasis con referencia."
marian_012,marian_scripture,order_created,La fe de María prepara el camino del servicio.,Inspirado en la Escritura,Lucas,"Lc 1,38-45",false,paraphrase,4,true,,"Usar como cita bíblica exacta solo si is_exact=true; si no, mostrar como inspiración/paráfrasis con referencia."
marian_013,marian_scripture,parish_delivery,"Todo lo que Él les diga, háganlo.",Sagrada Escritura,Juan,"Jn 2,5",true,exact,5,true,,"Usar como cita bíblica exacta solo si is_exact=true; si no, mostrar como inspiración/paráfrasis con referencia."
marian_014,marian_scripture,delivery_registered,"En Caná, María ve la necesidad antes que otros.",Inspirado en la Escritura,Juan,"Jn 2,1-11",false,paraphrase,4,true,,"Usar como cita bíblica exacta solo si is_exact=true; si no, mostrar como inspiración/paráfrasis con referencia."
marian_015,marian_scripture,payment_registered,María enseña a presentar las necesidades a Jesús.,Inspirado en la Escritura,Juan,"Jn 2,3",false,paraphrase,4,true,,"Usar como cita bíblica exacta solo si is_exact=true; si no, mostrar como inspiración/paráfrasis con referencia."
marian_016,marian_scripture,general,"Junto a la cruz, María permanece fiel.",Inspirado en la Escritura,Juan,"Jn 19,25-27",false,paraphrase,4,true,,"Usar como cita bíblica exacta solo si is_exact=true; si no, mostrar como inspiración/paráfrasis con referencia."
marian_017,marian_scripture,home,Ahí tienes a tu madre.,Sagrada Escritura,Juan,"Jn 19,27",true,exact,5,true,,"Usar como cita bíblica exacta solo si is_exact=true; si no, mostrar como inspiración/paráfrasis con referencia."
marian_018,marian_scripture,parish_delivery,La Iglesia recibe a María como Madre.,Inspirado en la Escritura,Juan,"Jn 19,26-27",false,paraphrase,4,true,,"Usar como cita bíblica exacta solo si is_exact=true; si no, mostrar como inspiración/paráfrasis con referencia."
marian_019,marian_scripture,general,María persevera con los discípulos en oración.,Inspirado en la Escritura,Hechos,"Hch 1,14",false,paraphrase,4,true,,"Usar como cita bíblica exacta solo si is_exact=true; si no, mostrar como inspiración/paráfrasis con referencia."
marian_020,marian_scripture,home,La oración común también sostiene la misión.,Inspirado en la Escritura,Hechos,"Hch 1,14",false,paraphrase,4,true,,"Usar como cita bíblica exacta solo si is_exact=true; si no, mostrar como inspiración/paráfrasis con referencia."
marian_021,marian_scripture,order_created,Servir puede ser una Visitación pequeña.,Inspirado en la Escritura,Lucas,"Lc 1,39-45",false,paraphrase,4,true,,"Usar como cita bíblica exacta solo si is_exact=true; si no, mostrar como inspiración/paráfrasis con referencia."
marian_022,marian_scripture,delivery_registered,El Niño fue presentado al Señor.,Inspirado en la Escritura,Lucas,"Lc 2,22",false,paraphrase,4,true,,"Usar como cita bíblica exacta solo si is_exact=true; si no, mostrar como inspiración/paráfrasis con referencia."
marian_023,marian_scripture,general,Una espada atravesará tu alma.,Sagrada Escritura,Lucas,"Lc 2,35",true,exact,5,true,,"Usar como cita bíblica exacta solo si is_exact=true; si no, mostrar como inspiración/paráfrasis con referencia."
marian_024,marian_scripture,home,María enseña a guardar y meditar.,Inspirado en la Escritura,Lucas,"Lc 2,19.51",false,paraphrase,4,true,,"Usar como cita bíblica exacta solo si is_exact=true; si no, mostrar como inspiración/paráfrasis con referencia."
marian_025,marian_scripture,expense_registered,La pobreza de Belén no impidió la alegría.,Inspirado en la Escritura,Lucas,"Lc 2,7",false,paraphrase,4,true,,"Usar como cita bíblica exacta solo si is_exact=true; si no, mostrar como inspiración/paráfrasis con referencia."
marian_026,marian_scripture,general,El Verbo se hizo carne y habitó entre nosotros.,Inspirado en la Escritura,Juan,"Jn 1,14",false,paraphrase,4,true,,"Usar como cita bíblica exacta solo si is_exact=true; si no, mostrar como inspiración/paráfrasis con referencia."
marian_027,marian_scripture,home,Dios quiso venir por el sí de María.,Inspirado en la Escritura,Lucas,"Lc 1,26-38",false,paraphrase,4,true,,"Usar como cita bíblica exacta solo si is_exact=true; si no, mostrar como inspiración/paráfrasis con referencia."
marian_028,marian_scripture,parish_delivery,La humildad de María engrandece al Señor.,Inspirado en la Escritura,Lucas,"Lc 1,46-48",false,paraphrase,4,true,,"Usar como cita bíblica exacta solo si is_exact=true; si no, mostrar como inspiración/paráfrasis con referencia."
marian_029,marian_scripture,payment_registered,La justicia de Dios levanta a los pequeños.,Inspirado en la Escritura,Lucas,"Lc 1,52",false,paraphrase,4,true,,"Usar como cita bíblica exacta solo si is_exact=true; si no, mostrar como inspiración/paráfrasis con referencia."
marian_030,marian_scripture,delivery_registered,María camina con prontitud hacia quien necesita.,Inspirado en la Escritura,Lucas,"Lc 1,39",false,paraphrase,4,true,,"Usar como cita bíblica exacta solo si is_exact=true; si no, mostrar como inspiración/paráfrasis con referencia."
marian_031,marian_scripture,order_created,El sí de María vuelve fecunda la tarea diaria.,Inspirado en la Escritura,Lucas,"Lc 1,38",false,paraphrase,4,true,,"Usar como cita bíblica exacta solo si is_exact=true; si no, mostrar como inspiración/paráfrasis con referencia."
marian_032,marian_scripture,home,La gracia de Dios precede toda obra buena.,Inspirado en la Escritura,Lucas,"Lc 1,28",false,paraphrase,4,true,,"Usar como cita bíblica exacta solo si is_exact=true; si no, mostrar como inspiración/paráfrasis con referencia."
marian_033,marian_scripture,general,"Llena de gracia, María señala a Cristo.",Inspirado en la Escritura,Lucas,"Lc 1,28",false,paraphrase,4,true,,"Usar como cita bíblica exacta solo si is_exact=true; si no, mostrar como inspiración/paráfrasis con referencia."
marian_034,marian_scripture,parish_delivery,El Magníficat recuerda que todo viene de Dios.,Inspirado en la Escritura,Lucas,"Lc 1,46-55",false,paraphrase,4,true,,"Usar como cita bíblica exacta solo si is_exact=true; si no, mostrar como inspiración/paráfrasis con referencia."
marian_035,marian_scripture,expense_registered,La ofrenda humilde también cuenta ante Dios.,Inspirado en la Escritura,Lucas,"Lc 2,22-24",false,paraphrase,4,true,,"Usar como cita bíblica exacta solo si is_exact=true; si no, mostrar como inspiración/paráfrasis con referencia."
marian_036,marian_scripture,payment_registered,Caná enseña a confiar antes de ver el milagro.,Inspirado en la Escritura,Juan,"Jn 2,1-11",false,paraphrase,4,true,,"Usar como cita bíblica exacta solo si is_exact=true; si no, mostrar como inspiración/paráfrasis con referencia."
marian_037,marian_scripture,delivery_registered,La caridad de María se mueve sin demora.,Inspirado en la Escritura,Lucas,"Lc 1,39",false,paraphrase,4,true,,"Usar como cita bíblica exacta solo si is_exact=true; si no, mostrar como inspiración/paráfrasis con referencia."
marian_038,marian_scripture,home,El corazón de María sabe esperar en silencio.,Inspirado en la Escritura,Lucas,"Lc 2,19",false,paraphrase,4,true,,"Usar como cita bíblica exacta solo si is_exact=true; si no, mostrar como inspiración/paráfrasis con referencia."
marian_039,marian_scripture,general,María es madre en el orden de la gracia.,Inspirado en la Escritura,Juan / tradición católica,"Jn 19,26-27",false,paraphrase,4,true,,"Usar como cita bíblica exacta solo si is_exact=true; si no, mostrar como inspiración/paráfrasis con referencia."
marian_040,marian_scripture,order_created,Todo pedido puede comenzar con un pequeño fiat.,Inspirado en la Escritura,Lucas,"Lc 1,38",false,paraphrase,4,true,,"Usar como cita bíblica exacta solo si is_exact=true; si no, mostrar como inspiración/paráfrasis con referencia."
marian_041,marian_scripture,parish_delivery,Entregar a la parroquia también puede ser Magníficat.,Inspirado en la Escritura,Lucas,"Lc 1,46-55",false,paraphrase,4,true,,"Usar como cita bíblica exacta solo si is_exact=true; si no, mostrar como inspiración/paráfrasis con referencia."
marian_042,marian_scripture,payment_registered,Lo justo y lo limpio también honran a María.,Inspirado en la Escritura,Juan,"Jn 2,5",false,inspired,4,true,,"Usar como cita bíblica exacta solo si is_exact=true; si no, mostrar como inspiración/paráfrasis con referencia."
marian_043,marian_scripture,delivery_registered,Cada entrega puede llevar un poco de Jesús.,Inspirado en la Escritura,Lucas,"Lc 1,39-45",false,paraphrase,4,true,,"Usar como cita bíblica exacta solo si is_exact=true; si no, mostrar como inspiración/paráfrasis con referencia."
marian_044,marian_scripture,home,María no se queda en sí misma: sale al encuentro.,Inspirado en la Escritura,Lucas,"Lc 1,39",false,paraphrase,4,true,,"Usar como cita bíblica exacta solo si is_exact=true; si no, mostrar como inspiración/paráfrasis con referencia."
marian_045,marian_scripture,expense_registered,La sencillez de Nazaret enseña sobriedad.,Inspirado en la Escritura,Lucas,"Lc 2,39-40",false,paraphrase,4,true,,"Usar como cita bíblica exacta solo si is_exact=true; si no, mostrar como inspiración/paráfrasis con referencia."
marian_046,marian_scripture,general,La Madre permanece cuando otros huyen.,Inspirado en la Escritura,Juan,"Jn 19,25",false,paraphrase,4,true,,"Usar como cita bíblica exacta solo si is_exact=true; si no, mostrar como inspiración/paráfrasis con referencia."
marian_047,marian_scripture,parish_delivery,El servicio humilde canta la grandeza del Señor.,Inspirado en la Escritura,Lucas,"Lc 1,46-48",false,paraphrase,4,true,,"Usar como cita bíblica exacta solo si is_exact=true; si no, mostrar como inspiración/paráfrasis con referencia."
marian_048,marian_scripture,order_created,"Antes del fruto visible, está la fe del sí.",Inspirado en la Escritura,Lucas,"Lc 1,38",false,paraphrase,4,true,,"Usar como cita bíblica exacta solo si is_exact=true; si no, mostrar como inspiración/paráfrasis con referencia."
marian_049,marian_scripture,delivery_registered,"Visitar, llevar, ayudar: también eso es evangelio.",Inspirado en la Escritura,Lucas,"Lc 1,39-45",false,paraphrase,4,true,,"Usar como cita bíblica exacta solo si is_exact=true; si no, mostrar como inspiración/paráfrasis con referencia."
marian_050,marian_scripture,home,María enseña a escuchar antes de actuar.,Inspirado en la Escritura,Lucas,"Lc 1,29; 2,19",false,paraphrase,4,true,,"Usar como cita bíblica exacta solo si is_exact=true; si no, mostrar como inspiración/paráfrasis con referencia."
marian_051,marian_scripture,payment_registered,El vino nuevo de Caná nace de la confianza.,Inspirado en la Escritura,Juan,"Jn 2,1-11",false,paraphrase,4,true,,"Usar como cita bíblica exacta solo si is_exact=true; si no, mostrar como inspiración/paráfrasis con referencia."
marian_052,marian_scripture,general,"Donde está María, el corazón aprende a mirar a Jesús.",Inspirado en la Escritura,Juan,"Jn 2,5",false,paraphrase,4,true,,"Usar como cita bíblica exacta solo si is_exact=true; si no, mostrar como inspiración/paráfrasis con referencia."
marian_053,marian_scripture,parish_delivery,La caridad parroquial también puede ser una visitación.,Inspirado en la Escritura,Lucas,"Lc 1,39-45",false,paraphrase,4,true,,"Usar como cita bíblica exacta solo si is_exact=true; si no, mostrar como inspiración/paráfrasis con referencia."
marian_054,marian_scripture,order_created,Una casa sencilla puede recibir la alegría de Dios.,Inspirado en la Escritura,Lucas,"Lc 1,40-44",false,paraphrase,4,true,,"Usar como cita bíblica exacta solo si is_exact=true; si no, mostrar como inspiración/paráfrasis con referencia."
marian_055,marian_scripture,home,El sí pequeño de hoy también importa.,Inspirado en la Escritura,Lucas,"Lc 1,38",false,inspired,4,true,,"Usar como cita bíblica exacta solo si is_exact=true; si no, mostrar como inspiración/paráfrasis con referencia."
scripture_001,scripture,general,Dios ama al que da con alegría.,Inspirado en la Escritura,2 Corintios,"2 Co 9,7",false,paraphrase,4,true,,Paráfrasis bíblica salvo is_exact=true.
scripture_002,scripture,parish_delivery,Hay más alegría en dar que en recibir.,Inspirado en la Escritura,Hechos,"Hch 20,35",false,paraphrase,4,true,,Paráfrasis bíblica salvo is_exact=true.
scripture_003,scripture,order_created,"Todo lo que hagan, háganlo de corazón.",Inspirado en la Escritura,Colosenses,"Col 3,23",false,paraphrase,4,true,,Paráfrasis bíblica salvo is_exact=true.
scripture_004,scripture,delivery_registered,El que es fiel en lo poco también lo es en lo mucho.,Inspirado en la Escritura,Lucas,"Lc 16,10",false,paraphrase,4,true,,Paráfrasis bíblica salvo is_exact=true.
scripture_005,scripture,payment_registered,Que todo se haga con decoro y orden.,Inspirado en la Escritura,1 Corintios,"1 Co 14,40",false,paraphrase,4,true,,Paráfrasis bíblica salvo is_exact=true.
scripture_006,scripture,expense_registered,El administrador fiel cuida lo recibido.,Inspirado en la Escritura,Lucas,"Lc 12,42",false,paraphrase,4,true,,Paráfrasis bíblica salvo is_exact=true.
scripture_007,scripture,home,Busquen primero el Reino de Dios.,Inspirado en la Escritura,Mateo,"Mt 6,33",false,paraphrase,4,true,,Paráfrasis bíblica salvo is_exact=true.
scripture_008,scripture,general,La caridad no pasa nunca.,Sagrada Escritura,1 Corintios,"1 Co 13,8",true,exact,4,true,,Paráfrasis bíblica salvo is_exact=true.
scripture_009,scripture,order_created,"Si no tengo amor, nada soy.",Inspirado en la Escritura,1 Corintios,"1 Co 13,2",false,paraphrase,4,true,,Paráfrasis bíblica salvo is_exact=true.
scripture_010,scripture,delivery_registered,"Lo que hicieron a uno de estos pequeños, a mí me lo hicieron.",Inspirado en la Escritura,Mateo,"Mt 25,40",false,paraphrase,4,true,,Paráfrasis bíblica salvo is_exact=true.
scripture_011,scripture,parish_delivery,"Donde está tu tesoro, allí estará tu corazón.",Inspirado en la Escritura,Mateo,"Mt 6,21",false,paraphrase,4,true,,Paráfrasis bíblica salvo is_exact=true.
scripture_012,scripture,payment_registered,Den al César lo que es del César y a Dios lo que es de Dios.,Inspirado en la Escritura,Marcos,"Mc 12,17",false,paraphrase,4,true,,Paráfrasis bíblica salvo is_exact=true.
scripture_013,scripture,home,El Señor es mi pastor.,Sagrada Escritura,Salmos,"Sal 23,1",true,exact,4,true,,Paráfrasis bíblica salvo is_exact=true.
scripture_014,scripture,general,Mi gracia te basta.,Inspirado en la Escritura,2 Corintios,"2 Co 12,9",false,paraphrase,4,true,,Paráfrasis bíblica salvo is_exact=true.
scripture_015,scripture,expense_registered,El pan cotidiano también se recibe con gratitud.,Inspirado en la Escritura,Mateo,"Mt 6,11",false,paraphrase,4,true,,Paráfrasis bíblica salvo is_exact=true.
scripture_016,scripture,order_created,Cinco panes pequeños pueden alimentar a muchos.,Inspirado en la Escritura,Juan,"Jn 6,1-13",false,paraphrase,4,true,,Paráfrasis bíblica salvo is_exact=true.
scripture_017,scripture,delivery_registered,Denles ustedes de comer.,Inspirado en la Escritura,Mateo,"Mt 14,16",false,paraphrase,4,true,,Paráfrasis bíblica salvo is_exact=true.
scripture_018,scripture,parish_delivery,El que siembra generosamente cosechará generosamente.,Inspirado en la Escritura,2 Corintios,"2 Co 9,6",false,paraphrase,4,true,,Paráfrasis bíblica salvo is_exact=true.
scripture_019,scripture,home,La lámpara se enciende para alumbrar.,Inspirado en la Escritura,Mateo,"Mt 5,15",false,paraphrase,4,true,,Paráfrasis bíblica salvo is_exact=true.
scripture_020,scripture,general,Permanezcan en mi amor.,Inspirado en la Escritura,Juan,"Jn 15,9",false,paraphrase,4,true,,Paráfrasis bíblica salvo is_exact=true.
scripture_021,scripture,payment_registered,La verdad en lo pequeño guarda la paz.,Inspirado en la Escritura,Lucas,"Lc 16,10",false,paraphrase,4,true,,Paráfrasis bíblica salvo is_exact=true.
scripture_022,scripture,expense_registered,No acumulen tesoros en la tierra.,Inspirado en la Escritura,Mateo,"Mt 6,19",false,paraphrase,4,true,,Paráfrasis bíblica salvo is_exact=true.
scripture_023,scripture,order_created,El Reino empieza como una semilla pequeña.,Inspirado en la Escritura,Mateo,"Mt 13,31-32",false,paraphrase,4,true,,Paráfrasis bíblica salvo is_exact=true.
scripture_024,scripture,delivery_registered,El buen samaritano se detuvo y cuidó.,Inspirado en la Escritura,Lucas,"Lc 10,33-35",false,paraphrase,4,true,,Paráfrasis bíblica salvo is_exact=true.
scripture_025,scripture,parish_delivery,Cada uno dé según decidió en su corazón.,Inspirado en la Escritura,2 Corintios,"2 Co 9,7",false,paraphrase,4,true,,Paráfrasis bíblica salvo is_exact=true.
scripture_026,scripture,home,El Señor renueva las fuerzas del que espera.,Inspirado en la Escritura,Isaías,"Is 40,31",false,paraphrase,4,true,,Paráfrasis bíblica salvo is_exact=true.
scripture_027,scripture,general,El amor es paciente y servicial.,Inspirado en la Escritura,1 Corintios,"1 Co 13,4",false,paraphrase,4,true,,Paráfrasis bíblica salvo is_exact=true.
scripture_028,scripture,payment_registered,La justicia y la paz se besan.,Inspirado en la Escritura,Salmos,"Sal 85,11",false,paraphrase,4,true,,Paráfrasis bíblica salvo is_exact=true.
scripture_029,scripture,expense_registered,El corazón libre usa los bienes para amar.,Inspirado en la Escritura,Mateo,"Mt 6,24",false,paraphrase,4,true,,Paráfrasis bíblica salvo is_exact=true.
scripture_030,scripture,order_created,"El que recibe a un pequeño, recibe a Cristo.",Inspirado en la Escritura,Mateo,"Mt 18,5",false,paraphrase,4,true,,Paráfrasis bíblica salvo is_exact=true.
scripture_031,scripture,delivery_registered,Alégrense con los que se alegran.,Inspirado en la Escritura,Romanos,"Rm 12,15",false,paraphrase,4,true,,Paráfrasis bíblica salvo is_exact=true.
scripture_032,scripture,parish_delivery,Compartir con sencillez alegra a la comunidad.,Inspirado en la Escritura,Hechos,"Hch 2,44-47",false,paraphrase,4,true,,Paráfrasis bíblica salvo is_exact=true.
scripture_033,scripture,home,Este es el día que hizo el Señor.,Inspirado en la Escritura,Salmos,"Sal 118,24",false,paraphrase,4,true,,Paráfrasis bíblica salvo is_exact=true.
scripture_034,scripture,general,El amor cubre multitud de faltas.,Inspirado en la Escritura,1 Pedro,"1 Pe 4,8",false,paraphrase,4,true,,Paráfrasis bíblica salvo is_exact=true.
scripture_035,scripture,payment_registered,El salario justo también es respeto.,Inspirado en la Escritura,Santiago,"St 5,4",false,paraphrase,4,true,,Paráfrasis bíblica salvo is_exact=true.
scripture_036,scripture,expense_registered,La prudencia cuida lo que Dios confía.,Inspirado en la Escritura,Proverbios,"Pr 21,20",false,paraphrase,4,true,,Paráfrasis bíblica salvo is_exact=true.
scripture_037,scripture,order_created,La levadura pequeña fermenta toda la masa.,Inspirado en la Escritura,Mateo,"Mt 13,33",false,paraphrase,4,true,,Paráfrasis bíblica salvo is_exact=true.
scripture_038,scripture,delivery_registered,Que su luz brille delante de los hombres.,Inspirado en la Escritura,Mateo,"Mt 5,16",false,paraphrase,4,true,,Paráfrasis bíblica salvo is_exact=true.
scripture_039,scripture,parish_delivery,El Señor mira el corazón del que da.,Inspirado en la Escritura,1 Samuel / Evangelio,"1 Sm 16,7; Mc 12,41-44",false,paraphrase,4,true,,Paráfrasis bíblica salvo is_exact=true.
scripture_040,scripture,home,Vengan a mí los que están cansados.,Inspirado en la Escritura,Mateo,"Mt 11,28",false,paraphrase,4,true,,Paráfrasis bíblica salvo is_exact=true.
scripture_041,scripture,general,"El fruto del Espíritu es amor, alegría y paz.",Inspirado en la Escritura,Gálatas,"Ga 5,22",false,paraphrase,4,true,,Paráfrasis bíblica salvo is_exact=true.
scripture_042,scripture,payment_registered,La paz acompaña al corazón recto.,Inspirado en la Escritura,Salmos,"Sal 37,37",false,paraphrase,4,true,,Paráfrasis bíblica salvo is_exact=true.
scripture_043,scripture,expense_registered,El orden ayuda a servir sin ansiedad.,Inspirado en la Escritura,1 Corintios,"1 Co 14,40",false,paraphrase,4,true,,Paráfrasis bíblica salvo is_exact=true.
scripture_044,scripture,order_created,Quien da un vaso de agua no pierde su recompensa.,Inspirado en la Escritura,Mateo,"Mt 10,42",false,paraphrase,4,true,,Paráfrasis bíblica salvo is_exact=true.
scripture_045,scripture,delivery_registered,La fe actúa por la caridad.,Inspirado en la Escritura,Gálatas,"Ga 5,6",false,paraphrase,4,true,,Paráfrasis bíblica salvo is_exact=true.
scripture_046,scripture,parish_delivery,El pobre ofrecimiento puede ser grande ante Dios.,Inspirado en la Escritura,Marcos,"Mc 12,41-44",false,paraphrase,4,true,,Paráfrasis bíblica salvo is_exact=true.
scripture_047,scripture,home,"No temas, porque yo estoy contigo.",Inspirado en la Escritura,Isaías,"Is 41,10",false,paraphrase,4,true,,Paráfrasis bíblica salvo is_exact=true.
scripture_048,scripture,general,Todo coopera para el bien de los que aman a Dios.,Inspirado en la Escritura,Romanos,"Rm 8,28",false,paraphrase,4,true,,Paráfrasis bíblica salvo is_exact=true.
scripture_049,scripture,order_created,La cosecha empieza con una semilla fiel.,Inspirado en la Escritura,Gálatas,"Ga 6,9",false,paraphrase,4,true,,Paráfrasis bíblica salvo is_exact=true.
scripture_050,scripture,delivery_registered,Hagan el bien sin cansarse.,Inspirado en la Escritura,Gálatas,"Ga 6,9",false,paraphrase,4,true,,Paráfrasis bíblica salvo is_exact=true.
inspired_001,inspired_service,home,Que esta jornada empiece como una flor para María.,Inspirado,Frase original para Flores de María,,false,inspired,3,true,,"Frase devocional original, no atribuir a santos ni a la Biblia."
inspired_002,inspired_service,home,Hoy también se puede servir con dulzura.,Inspirado,Frase original para Flores de María,,false,inspired,3,true,,"Frase devocional original, no atribuir a santos ni a la Biblia."
inspired_003,inspired_service,home,"Lo pequeño, hecho con amor, no es pequeño.",Inspirado,Frase original para Flores de María,,false,inspired,3,true,,"Frase devocional original, no atribuir a santos ni a la Biblia."
inspired_004,inspired_service,home,Una app ordenada también puede ayudar a amar mejor.,Inspirado,Frase original para Flores de María,,false,inspired,3,true,,"Frase devocional original, no atribuir a santos ni a la Biblia."
inspired_005,inspired_service,home,Que cada pedido encuentre manos alegres.,Inspirado,Frase original para Flores de María,,false,inspired,3,true,,"Frase devocional original, no atribuir a santos ni a la Biblia."
inspired_006,inspired_service,home,El trabajo silencioso sostiene cosas grandes.,Inspirado,Frase original para Flores de María,,false,inspired,3,true,,"Frase devocional original, no atribuir a santos ni a la Biblia."
inspired_007,inspired_service,home,María sonríe sobre el servicio humilde.,Inspirado,Frase original para Flores de María,,false,inspired,3,true,,"Frase devocional original, no atribuir a santos ni a la Biblia."
inspired_008,inspired_service,home,"Que hoy todo sea sencillo, limpio y ofrecido.",Inspirado,Frase original para Flores de María,,false,inspired,3,true,,"Frase devocional original, no atribuir a santos ni a la Biblia."
inspired_009,inspired_service,home,Una flor escondida también embellece el altar.,Inspirado,Frase original para Flores de María,,false,inspired,3,true,,"Frase devocional original, no atribuir a santos ni a la Biblia."
inspired_010,inspired_service,home,Empezar con paz ya es una gracia.,Inspirado,Frase original para Flores de María,,false,inspired,3,true,,"Frase devocional original, no atribuir a santos ni a la Biblia."
inspired_011,inspired_service,order_created,Este pedido puede ser una pequeña flor para María.,Inspirado,Frase original para Flores de María,,false,inspired,3,true,,"Frase devocional original, no atribuir a santos ni a la Biblia."
inspired_012,inspired_service,order_created,Una caja preparada con cariño también evangeliza.,Inspirado,Frase original para Flores de María,,false,inspired,3,true,,"Frase devocional original, no atribuir a santos ni a la Biblia."
inspired_013,inspired_service,order_created,Que este pedido llegue con dulzura y alegría.,Inspirado,Frase original para Flores de María,,false,inspired,3,true,,"Frase devocional original, no atribuir a santos ni a la Biblia."
inspired_014,inspired_service,order_created,Cada brigadeiro puede llevar un poco de amor.,Inspirado,Frase original para Flores de María,,false,inspired,3,true,,"Frase devocional original, no atribuir a santos ni a la Biblia."
inspired_015,inspired_service,order_created,Anotar bien también es cuidar bien.,Inspirado,Frase original para Flores de María,,false,inspired,3,true,,"Frase devocional original, no atribuir a santos ni a la Biblia."
inspired_016,inspired_service,order_created,El amor se nota en los detalles.,Inspirado,Frase original para Flores de María,,false,inspired,3,true,,"Frase devocional original, no atribuir a santos ni a la Biblia."
inspired_017,inspired_service,order_created,Que este trabajo ayude a la parroquia a florecer.,Inspirado,Frase original para Flores de María,,false,inspired,3,true,,"Frase devocional original, no atribuir a santos ni a la Biblia."
inspired_018,inspired_service,order_created,Una venta justa puede ser servicio verdadero.,Inspirado,Frase original para Flores de María,,false,inspired,3,true,,"Frase devocional original, no atribuir a santos ni a la Biblia."
inspired_019,inspired_service,order_created,Preparar con amor es ofrecer antes de entregar.,Inspirado,Frase original para Flores de María,,false,inspired,3,true,,"Frase devocional original, no atribuir a santos ni a la Biblia."
inspired_020,inspired_service,order_created,Dios bendiga las manos que trabajan con alegría.,Inspirado,Frase original para Flores de María,,false,inspired,3,true,,"Frase devocional original, no atribuir a santos ni a la Biblia."
inspired_021,inspired_service,delivery_registered,"Entrega hecha, flor ofrecida.",Inspirado,Frase original para Flores de María,,false,inspired,3,true,,"Frase devocional original, no atribuir a santos ni a la Biblia."
inspired_022,inspired_service,delivery_registered,Que quien reciba esto también reciba alegría.,Inspirado,Frase original para Flores de María,,false,inspired,3,true,,"Frase devocional original, no atribuir a santos ni a la Biblia."
inspired_023,inspired_service,delivery_registered,Llegar a tiempo también es caridad.,Inspirado,Frase original para Flores de María,,false,inspired,3,true,,"Frase devocional original, no atribuir a santos ni a la Biblia."
inspired_024,inspired_service,delivery_registered,La dulzura entregada con amor da fruto.,Inspirado,Frase original para Flores de María,,false,inspired,3,true,,"Frase devocional original, no atribuir a santos ni a la Biblia."
inspired_025,inspired_service,delivery_registered,Una entrega completa también puede ser un acto de amor.,Inspirado,Frase original para Flores de María,,false,inspired,3,true,,"Frase devocional original, no atribuir a santos ni a la Biblia."
inspired_026,inspired_service,delivery_registered,Servir bien es cuidar el corazón del otro.,Inspirado,Frase original para Flores de María,,false,inspired,3,true,,"Frase devocional original, no atribuir a santos ni a la Biblia."
inspired_027,inspired_service,delivery_registered,Cada entrega ordenada ayuda a que la misión crezca.,Inspirado,Frase original para Flores de María,,false,inspired,3,true,,"Frase devocional original, no atribuir a santos ni a la Biblia."
inspired_028,inspired_service,delivery_registered,Lo que se entrega con cariño deja perfume.,Inspirado,Frase original para Flores de María,,false,inspired,3,true,,"Frase devocional original, no atribuir a santos ni a la Biblia."
inspired_029,inspired_service,delivery_registered,Que esta entrega sea bendición para quien la recibe.,Inspirado,Frase original para Flores de María,,false,inspired,3,true,,"Frase devocional original, no atribuir a santos ni a la Biblia."
inspired_030,inspired_service,delivery_registered,La alegría también viaja en una caja pequeña.,Inspirado,Frase original para Flores de María,,false,inspired,3,true,,"Frase devocional original, no atribuir a santos ni a la Biblia."
inspired_031,inspired_service,payment_registered,"Cobro registrado, misión cuidada.",Inspirado,Frase original para Flores de María,,false,inspired,3,true,,"Frase devocional original, no atribuir a santos ni a la Biblia."
inspired_032,inspired_service,payment_registered,La claridad también es una forma de paz.,Inspirado,Frase original para Flores de María,,false,inspired,3,true,,"Frase devocional original, no atribuir a santos ni a la Biblia."
inspired_033,inspired_service,payment_registered,Administrar bien permite servir mejor.,Inspirado,Frase original para Flores de María,,false,inspired,3,true,,"Frase devocional original, no atribuir a santos ni a la Biblia."
inspired_034,inspired_service,payment_registered,La caja ordenada ayuda a que la caridad sea concreta.,Inspirado,Frase original para Flores de María,,false,inspired,3,true,,"Frase devocional original, no atribuir a santos ni a la Biblia."
inspired_035,inspired_service,payment_registered,Cada peso claro honra el trabajo y la misión.,Inspirado,Frase original para Flores de María,,false,inspired,3,true,,"Frase devocional original, no atribuir a santos ni a la Biblia."
inspired_036,inspired_service,payment_registered,La honestidad también puede perfumar como una flor.,Inspirado,Frase original para Flores de María,,false,inspired,3,true,,"Frase devocional original, no atribuir a santos ni a la Biblia."
inspired_037,inspired_service,payment_registered,Que este ingreso se transforme en bien para la parroquia.,Inspirado,Frase original para Flores de María,,false,inspired,3,true,,"Frase devocional original, no atribuir a santos ni a la Biblia."
inspired_038,inspired_service,payment_registered,La transparencia protege la alegría de servir.,Inspirado,Frase original para Flores de María,,false,inspired,3,true,,"Frase devocional original, no atribuir a santos ni a la Biblia."
inspired_039,inspired_service,payment_registered,Lo cobrado con justicia puede volver como bendición.,Inspirado,Frase original para Flores de María,,false,inspired,3,true,,"Frase devocional original, no atribuir a santos ni a la Biblia."
inspired_040,inspired_service,payment_registered,Cuidar el dinero de la misión también es responsabilidad.,Inspirado,Frase original para Flores de María,,false,inspired,3,true,,"Frase devocional original, no atribuir a santos ni a la Biblia."
inspired_041,inspired_service,expense_registered,"Gasto registrado, misión cuidada.",Inspirado,Frase original para Flores de María,,false,inspired,3,true,,"Frase devocional original, no atribuir a santos ni a la Biblia."
inspired_042,inspired_service,expense_registered,También comprar bien puede ser servir bien.,Inspirado,Frase original para Flores de María,,false,inspired,3,true,,"Frase devocional original, no atribuir a santos ni a la Biblia."
inspired_043,inspired_service,expense_registered,La prudencia hace fecundo el esfuerzo.,Inspirado,Frase original para Flores de María,,false,inspired,3,true,,"Frase devocional original, no atribuir a santos ni a la Biblia."
inspired_044,inspired_service,expense_registered,El orden pequeño evita preocupaciones grandes.,Inspirado,Frase original para Flores de María,,false,inspired,3,true,,"Frase devocional original, no atribuir a santos ni a la Biblia."
inspired_045,inspired_service,expense_registered,Un comprobante guardado también cuida la confianza.,Inspirado,Frase original para Flores de María,,false,inspired,3,true,,"Frase devocional original, no atribuir a santos ni a la Biblia."
inspired_046,inspired_service,expense_registered,La sobriedad deja más espacio a la caridad.,Inspirado,Frase original para Flores de María,,false,inspired,3,true,,"Frase devocional original, no atribuir a santos ni a la Biblia."
inspired_047,inspired_service,expense_registered,Cada gasto claro ayuda a custodiar la misión.,Inspirado,Frase original para Flores de María,,false,inspired,3,true,,"Frase devocional original, no atribuir a santos ni a la Biblia."
inspired_048,inspired_service,expense_registered,Administrar con cuidado es amar con inteligencia.,Inspirado,Frase original para Flores de María,,false,inspired,3,true,,"Frase devocional original, no atribuir a santos ni a la Biblia."
inspired_049,inspired_service,expense_registered,Lo simple y transparente da paz.,Inspirado,Frase original para Flores de María,,false,inspired,3,true,,"Frase devocional original, no atribuir a santos ni a la Biblia."
inspired_050,inspired_service,expense_registered,La economía ordenada también puede servir a Dios.,Inspirado,Frase original para Flores de María,,false,inspired,3,true,,"Frase devocional original, no atribuir a santos ni a la Biblia."
inspired_051,inspired_service,parish_delivery,Entrega a la parroquia registrada: que dé mucho fruto.,Inspirado,Frase original para Flores de María,,false,inspired,3,true,,"Frase devocional original, no atribuir a santos ni a la Biblia."
inspired_052,inspired_service,parish_delivery,Esta entrega es una flor puesta a los pies de María.,Inspirado,Frase original para Flores de María,,false,inspired,3,true,,"Frase devocional original, no atribuir a santos ni a la Biblia."
inspired_053,inspired_service,parish_delivery,Que lo reunido con amor vuelva multiplicado en gracia.,Inspirado,Frase original para Flores de María,,false,inspired,3,true,,"Frase devocional original, no atribuir a santos ni a la Biblia."
inspired_054,inspired_service,parish_delivery,Cada aporte sostiene una obra que no siempre se ve.,Inspirado,Frase original para Flores de María,,false,inspired,3,true,,"Frase devocional original, no atribuir a santos ni a la Biblia."
inspired_055,inspired_service,parish_delivery,Una parroquia florece con muchos sí pequeños.,Inspirado,Frase original para Flores de María,,false,inspired,3,true,,"Frase devocional original, no atribuir a santos ni a la Biblia."
inspired_056,inspired_service,parish_delivery,Que esta entrega ayude a servir más y mejor.,Inspirado,Frase original para Flores de María,,false,inspired,3,true,,"Frase devocional original, no atribuir a santos ni a la Biblia."
inspired_057,inspired_service,parish_delivery,Lo que se da para Dios nunca se pierde.,Inspirado,Frase original para Flores de María,,false,inspired,3,true,,"Frase devocional original, no atribuir a santos ni a la Biblia."
inspired_058,inspired_service,parish_delivery,Gracias por cuidar esta pequeña misión.,Inspirado,Frase original para Flores de María,,false,inspired,3,true,,"Frase devocional original, no atribuir a santos ni a la Biblia."
inspired_059,inspired_service,parish_delivery,Que esta flor llegue al altar con alegría.,Inspirado,Frase original para Flores de María,,false,inspired,3,true,,"Frase devocional original, no atribuir a santos ni a la Biblia."
inspired_060,inspired_service,parish_delivery,El bien hecho en comunidad tiene perfume de cielo.,Inspirado,Frase original para Flores de María,,false,inspired,3,true,,"Frase devocional original, no atribuir a santos ni a la Biblia."
inspired_061,inspired_service,general,La dulzura también puede ser apostolado.,Inspirado,Frase original para Flores de María,,false,inspired,3,true,,"Frase devocional original, no atribuir a santos ni a la Biblia."
inspired_062,inspired_service,general,La belleza sencilla ordena el corazón.,Inspirado,Frase original para Flores de María,,false,inspired,3,true,,"Frase devocional original, no atribuir a santos ni a la Biblia."
inspired_063,inspired_service,general,Un trabajo pequeño puede tener horizonte eterno.,Inspirado,Frase original para Flores de María,,false,inspired,3,true,,"Frase devocional original, no atribuir a santos ni a la Biblia."
inspired_064,inspired_service,general,"La caridad necesita manos, planilla y corazón.",Inspirado,Frase original para Flores de María,,false,inspired,3,true,,"Frase devocional original, no atribuir a santos ni a la Biblia."
inspired_065,inspired_service,general,Que nada se haga por vanidad y todo por amor.,Inspirado,Frase original para Flores de María,,false,inspired,3,true,,"Frase devocional original, no atribuir a santos ni a la Biblia."
inspired_066,inspired_service,general,"Donde hay orden, la paz trabaja mejor.",Inspirado,Frase original para Flores de María,,false,inspired,3,true,,"Frase devocional original, no atribuir a santos ni a la Biblia."
inspired_067,inspired_service,general,María acompaña las tareas escondidas.,Inspirado,Frase original para Flores de María,,false,inspired,3,true,,"Frase devocional original, no atribuir a santos ni a la Biblia."
inspired_068,inspired_service,general,La misión se construye con pequeñas fidelidades.,Inspirado,Frase original para Flores de María,,false,inspired,3,true,,"Frase devocional original, no atribuir a santos ni a la Biblia."
inspired_069,inspired_service,general,La alegría humilde llega lejos.,Inspirado,Frase original para Flores de María,,false,inspired,3,true,,"Frase devocional original, no atribuir a santos ni a la Biblia."
inspired_070,inspired_service,general,Cada día trae una flor posible.,Inspirado,Frase original para Flores de María,,false,inspired,3,true,,"Frase devocional original, no atribuir a santos ni a la Biblia."
inspired_071,inspired_service,general,El amor no improvisa descuidadamente: prepara.,Inspirado,Frase original para Flores de María,,false,inspired,3,true,,"Frase devocional original, no atribuir a santos ni a la Biblia."
inspired_072,inspired_service,general,La ternura también organiza.,Inspirado,Frase original para Flores de María,,false,inspired,3,true,,"Frase devocional original, no atribuir a santos ni a la Biblia."
inspired_073,inspired_service,general,"Que este trabajo sea suave, limpio y fiel.",Inspirado,Frase original para Flores de María,,false,inspired,3,true,,"Frase devocional original, no atribuir a santos ni a la Biblia."
inspired_074,inspired_service,general,Una obra parroquial también necesita belleza.,Inspirado,Frase original para Flores de María,,false,inspired,3,true,,"Frase devocional original, no atribuir a santos ni a la Biblia."
inspired_075,inspired_service,general,La constancia convierte lo pequeño en camino.,Inspirado,Frase original para Flores de María,,false,inspired,3,true,,"Frase devocional original, no atribuir a santos ni a la Biblia."
inspired_076,inspired_service,general,Cada nombre anotado es una persona cuidada.,Inspirado,Frase original para Flores de María,,false,inspired,3,true,,"Frase devocional original, no atribuir a santos ni a la Biblia."
inspired_077,inspired_service,general,No todo fruto se ve el mismo día.,Inspirado,Frase original para Flores de María,,false,inspired,3,true,,"Frase devocional original, no atribuir a santos ni a la Biblia."
inspired_078,inspired_service,general,La paciencia también endulza.,Inspirado,Frase original para Flores de María,,false,inspired,3,true,,"Frase devocional original, no atribuir a santos ni a la Biblia."
inspired_079,inspired_service,general,La sencillez es una forma de luz.,Inspirado,Frase original para Flores de María,,false,inspired,3,true,,"Frase devocional original, no atribuir a santos ni a la Biblia."
inspired_080,inspired_service,general,La flor escondida no deja de ser flor.,Inspirado,Frase original para Flores de María,,false,inspired,3,true,,"Frase devocional original, no atribuir a santos ni a la Biblia."
inspired_081,inspired_service,order_created,Que este pedido sea preparado con manos de paz.,Inspirado,Frase original para Flores de María,,false,inspired,3,true,,"Frase devocional original, no atribuir a santos ni a la Biblia."
inspired_082,inspired_service,order_created,La cocina también puede ser lugar de oración.,Inspirado,Frase original para Flores de María,,false,inspired,3,true,,"Frase devocional original, no atribuir a santos ni a la Biblia."
inspired_083,inspired_service,order_created,Cada caja puede decir: gracias por ayudar.,Inspirado,Frase original para Flores de María,,false,inspired,3,true,,"Frase devocional original, no atribuir a santos ni a la Biblia."
inspired_084,inspired_service,delivery_registered,El servicio llega mejor cuando llega con sonrisa.,Inspirado,Frase original para Flores de María,,false,inspired,3,true,,"Frase devocional original, no atribuir a santos ni a la Biblia."
inspired_085,inspired_service,delivery_registered,Que esta entrega abra una conversación buena.,Inspirado,Frase original para Flores de María,,false,inspired,3,true,,"Frase devocional original, no atribuir a santos ni a la Biblia."
inspired_086,inspired_service,payment_registered,Un registro claro evita sombras y cuida la confianza.,Inspirado,Frase original para Flores de María,,false,inspired,3,true,,"Frase devocional original, no atribuir a santos ni a la Biblia."
inspired_087,inspired_service,payment_registered,La misión también se protege con números ordenados.,Inspirado,Frase original para Flores de María,,false,inspired,3,true,,"Frase devocional original, no atribuir a santos ni a la Biblia."
inspired_088,inspired_service,expense_registered,Comprar lo necesario también es elegir bien.,Inspirado,Frase original para Flores de María,,false,inspired,3,true,,"Frase devocional original, no atribuir a santos ni a la Biblia."
inspired_089,inspired_service,expense_registered,"Menos ruido, más fruto.",Inspirado,Frase original para Flores de María,,false,inspired,3,true,,"Frase devocional original, no atribuir a santos ni a la Biblia."
inspired_090,inspired_service,parish_delivery,Que esta pequeña recaudación sea semilla de obras buenas.,Inspirado,Frase original para Flores de María,,false,inspired,3,true,,"Frase devocional original, no atribuir a santos ni a la Biblia."
inspired_091,inspired_service,parish_delivery,Flores de María también florece al entregar.,Inspirado,Frase original para Flores de María,,false,inspired,3,true,,"Frase devocional original, no atribuir a santos ni a la Biblia."
inspired_092,inspired_service,home,Hoy no hace falta hacer todo: hace falta amar bien.,Inspirado,Frase original para Flores de María,,false,inspired,3,true,,"Frase devocional original, no atribuir a santos ni a la Biblia."
inspired_093,inspired_service,home,La primera flor del día puede ser una oración breve.,Inspirado,Frase original para Flores de María,,false,inspired,3,true,,"Frase devocional original, no atribuir a santos ni a la Biblia."
inspired_094,inspired_service,general,La belleza no reemplaza la caridad: la acompaña.,Inspirado,Frase original para Flores de María,,false,inspired,3,true,,"Frase devocional original, no atribuir a santos ni a la Biblia."
inspired_095,inspired_service,general,Dios ve el amor que no entra en los reportes.,Inspirado,Frase original para Flores de María,,false,inspired,3,true,,"Frase devocional original, no atribuir a santos ni a la Biblia."
inspired_096,inspired_service,general,Un gesto fiel puede sostener a muchos.,Inspirado,Frase original para Flores de María,,false,inspired,3,true,,"Frase devocional original, no atribuir a santos ni a la Biblia."
inspired_097,inspired_service,general,La paz también se cultiva con pequeñas decisiones.,Inspirado,Frase original para Flores de María,,false,inspired,3,true,,"Frase devocional original, no atribuir a santos ni a la Biblia."
inspired_098,inspired_service,general,Que cada acción sea limpia por dentro y por fuera.,Inspirado,Frase original para Flores de María,,false,inspired,3,true,,"Frase devocional original, no atribuir a santos ni a la Biblia."
inspired_099,inspired_service,general,La alegría cristiana trabaja sin quejarse.,Inspirado,Frase original para Flores de María,,false,inspired,3,true,,"Frase devocional original, no atribuir a santos ni a la Biblia."
inspired_100,inspired_service,general,Una comunidad se edifica con manos disponibles.,Inspirado,Frase original para Flores de María,,false,inspired,3,true,,"Frase devocional original, no atribuir a santos ni a la Biblia."
inspired_101,inspired_service,general,Que esta flor sea para María y para la parroquia.,Inspirado,Frase original para Flores de María,,false,inspired,3,true,,"Frase devocional original, no atribuir a santos ni a la Biblia."
